global_id,company,title,location,source,posted_at,first_seen
greenhouse:7839237,airbnb,Data Science Intern,United States,live,2026-04-21 17:42:03-04:00,2026-05-19T19:23:30+00:00
ashby:a6311f97-4850-4674-a5f3-d9fe5f6f2555,notion,"Software Engineer, New Grad","San Francisco, California",live,2026-04-23 21:27:21.811000+00:00,2026-05-19T19:23:30+00:00
ashby:5b15697c-fa91-4511-9482-c98a6ff29f90,notion,Software Engineer Intern (Fall 2026),"San Francisco, California",live,2026-04-06 22:40:58.312000+00:00,2026-05-19T19:23:30+00:00
ashby:7e6dc7fe-7ddd-42c1-8928-13f7bddb9ec9,notion,"Software Engineer, New Grad (AI)","San Francisco, California",live,2026-04-27 16:15:40.996000+00:00,2026-05-19T19:23:30+00:00
ashby:67fadb77-43d8-4449-954b-d4cf2c6d3b8b,ramp,"Software Engineer Internship, Android ","New York, NY (HQ)",live,2025-08-07 20:49:38.961000+00:00,2026-05-19T19:23:31+00:00
lever:ac0dc094-2480-43c2-8495-26ade227ff4f,palantir,"Forward Deployed Software Engineer, Internship - France","New York, NY",live,2026-03-10 05:26:55.948000,2026-05-19T19:23:31+00:00
lever:d582cd84-14fd-4aa3-b413-15982d286bd9,palantir,"Forward Deployed Software Engineer, Internship - Poland","New York, NY",live,2026-02-19 03:39:13.186000,2026-05-19T19:23:31+00:00
lever:315f695d-04d1-4a9a-848e-cb2bec7a997e,palantir,"Forward Deployed Software Engineer, Internship - US Government","Honolulu, HI",live,2025-12-11 14:26:14.632000,2026-05-19T19:23:31+00:00
lever:e6789b17-62fb-4226-a079-f8c17ff19e2d,palantir,"Year at Palantir - Forward Deployed Software Engineer, Internship - Commercial","New York, NY",live,2026-03-20 12:02:47.514000,2026-05-19T19:23:31+00:00
lever:5c7bb70c-83ea-43e7-8055-0c8f319f4333,palantir,"Year at Palantir - Forward Deployed Software Engineer, Internship - USG","New York, NY",live,2026-03-20 12:05:22.216000,2026-05-19T19:23:31+00:00
amazon:10403323,Amazon," Software Dev Engineer II, Kiro","Seattle, Washington, USA",live,2026-04-24 00:00:00,2026-05-19T19:23:32+00:00
amazon:3048897,Amazon,"Fulfillment Area Manager Intern 2026 - KS, MO, AR, LA","Kansas City, Kansas, USA",live,2025-07-31 00:00:00,2026-05-19T19:24:29+00:00
amazon:3048897@loc1,Amazon,"Fulfillment Area Manager Intern 2026 - KS, MO, AR, LA","Carencro, Louisiana, USA",live,2025-07-31 00:00:00,2026-05-19T19:24:29+00:00
amazon:3048897@loc2,Amazon,"Fulfillment Area Manager Intern 2026 - KS, MO, AR, LA","St Peters, Missouri, USA",live,2025-07-31 00:00:00,2026-05-19T19:24:30+00:00
amazon:3048897@loc3,Amazon,"Fulfillment Area Manager Intern 2026 - KS, MO, AR, LA","Republic, Missouri, USA",live,2025-07-31 00:00:00,2026-05-19T19:24:30+00:00
amazon:3048897@loc4,Amazon,"Fulfillment Area Manager Intern 2026 - KS, MO, AR, LA","Little Rock, Arkansas, USA",live,2025-07-31 00:00:00,2026-05-19T19:24:30+00:00
amazon:3048902,Amazon,"Fulfillment Area Manager Intern 2026 - ID, MT, WY, CO","Aurora, Colorado, USA",live,2025-07-31 00:00:00,2026-05-19T19:24:30+00:00
amazon:3048902@loc1,Amazon,"Fulfillment Area Manager Intern 2026 - ID, MT, WY, CO","Thornton, Colorado, USA",live,2025-07-31 00:00:00,2026-05-19T19:24:30+00:00
amazon:3048902@loc2,Amazon,"Fulfillment Area Manager Intern 2026 - ID, MT, WY, CO","Nampa, Idaho, USA",live,2025-07-31 00:00:00,2026-05-19T19:24:30+00:00
amazon:3048906,Amazon,"Fulfillment Area Manager Intern 2026 - ND, SD, NE, MN, IA, IL, IN","Shakopee, Minnesota, USA",live,2025-07-31 00:00:00,2026-05-19T19:24:30+00:00
amazon:3048906@loc1,Amazon,"Fulfillment Area Manager Intern 2026 - ND, SD, NE, MN, IA, IL, IN","Sioux Falls, South Dakota, USA",live,2025-07-31 00:00:00,2026-05-19T19:24:30+00:00
amazon:3048906@loc2,Amazon,"Fulfillment Area Manager Intern 2026 - ND, SD, NE, MN, IA, IL, IN","Davenport, Iowa, USA",live,2025-07-31 00:00:00,2026-05-19T19:24:31+00:00
amazon:3048906@loc3,Amazon,"Fulfillment Area Manager Intern 2026 - ND, SD, NE, MN, IA, IL, IN","Omaha, Nebraska, USA",live,2025-07-31 00:00:00,2026-05-19T19:24:31+00:00
amazon:3048906@loc4,Amazon,"Fulfillment Area Manager Intern 2026 - ND, SD, NE, MN, IA, IL, IN","Greenwood, Indiana, USA",live,2025-07-31 00:00:00,2026-05-19T19:24:31+00:00
amazon:3048906@loc5,Amazon,"Fulfillment Area Manager Intern 2026 - ND, SD, NE, MN, IA, IL, IN","Monee, Illinois, USA",live,2025-07-31 00:00:00,2026-05-19T19:24:31+00:00
amazon:3048906@loc6,Amazon,"Fulfillment Area Manager Intern 2026 - ND, SD, NE, MN, IA, IL, IN","Matteson, Illinois, USA",live,2025-07-31 00:00:00,2026-05-19T19:24:31+00:00
amazon:3052098,Amazon,Fulfillment Area Maintenance Manager Intern 2026 - Nationwide,"Fort Worth, Texas, USA",live,2025-08-05 00:00:00,2026-05-19T19:24:31+00:00
amazon:3052098@loc1,Amazon,Fulfillment Area Maintenance Manager Intern 2026 - Nationwide,"Santa Ana, California, USA",live,2025-08-05 00:00:00,2026-05-19T19:24:31+00:00
amazon:3052098@loc2,Amazon,Fulfillment Area Maintenance Manager Intern 2026 - Nationwide,"Newark, California, USA",live,2025-08-05 00:00:00,2026-05-19T19:24:31+00:00
amazon:3052098@loc3,Amazon,Fulfillment Area Maintenance Manager Intern 2026 - Nationwide,"Orlando, Florida, USA",live,2025-08-05 00:00:00,2026-05-19T19:24:31+00:00
amazon:3052098@loc4,Amazon,Fulfillment Area Maintenance Manager Intern 2026 - Nationwide,"Dallas, Texas, USA",live,2025-08-05 00:00:00,2026-05-19T19:24:31+00:00
amazon:3048896,Amazon,"Fulfillment Area Manager Intern 2026 - KY, TN, MS","Canton, Mississippi, USA",live,2025-07-31 00:00:00,2026-05-19T19:24:31+00:00
amazon:3048896@loc1,Amazon,"Fulfillment Area Manager Intern 2026 - KY, TN, MS","Louisville, Tennessee, USA",live,2025-07-31 00:00:00,2026-05-19T19:24:31+00:00
amazon:3048896@loc2,Amazon,"Fulfillment Area Manager Intern 2026 - KY, TN, MS","Erlanger, Kentucky, USA",live,2025-07-31 00:00:00,2026-05-19T19:24:32+00:00
amazon:3048896@loc3,Amazon,"Fulfillment Area Manager Intern 2026 - KY, TN, MS","Memphis, Tennessee, USA",live,2025-07-31 00:00:00,2026-05-19T19:24:32+00:00
amazon:3048896@loc4,Amazon,"Fulfillment Area Manager Intern 2026 - KY, TN, MS","Shepherdsville, Kentucky, USA",live,2025-07-31 00:00:00,2026-05-19T19:24:32+00:00
amazon:3048896@loc5,Amazon,"Fulfillment Area Manager Intern 2026 - KY, TN, MS","Charleston, Tennessee, USA",live,2025-07-31 00:00:00,2026-05-19T19:24:32+00:00
amazon:3048896@loc6,Amazon,"Fulfillment Area Manager Intern 2026 - KY, TN, MS","Mt Juliet, Tennessee, USA",live,2025-07-31 00:00:00,2026-05-19T19:24:32+00:00
amazon:3048896@loc7,Amazon,"Fulfillment Area Manager Intern 2026 - KY, TN, MS","Hebron, Kentucky, USA",live,2025-07-31 00:00:00,2026-05-19T19:24:32+00:00
amazon:3048896@loc8,Amazon,"Fulfillment Area Manager Intern 2026 - KY, TN, MS","Campbellsville, Kentucky, USA",live,2025-07-31 00:00:00,2026-05-19T19:24:32+00:00
amazon:3048896@loc9,Amazon,"Fulfillment Area Manager Intern 2026 - KY, TN, MS","Lebanon, Tennessee, USA",live,2025-07-31 00:00:00,2026-05-19T19:24:32+00:00
amazon:3048881,Amazon,"Fulfillment Area Manager Intern 2026 - AZ, UT, NM, TX, OK, NV","DFW Airport, Texas, USA",live,2025-07-31 00:00:00,2026-05-19T19:24:32+00:00
amazon:3048881@loc1,Amazon,"Fulfillment Area Manager Intern 2026 - AZ, UT, NM, TX, OK, NV","Oklahoma City, Oklahoma, USA",live,2025-07-31 00:00:00,2026-05-19T19:24:32+00:00
amazon:3048881@loc2,Amazon,"Fulfillment Area Manager Intern 2026 - AZ, UT, NM, TX, OK, NV","West Jordan, Utah, USA",live,2025-07-31 00:00:00,2026-05-19T19:24:32+00:00
amazon:3048881@loc3,Amazon,"Fulfillment Area Manager Intern 2026 - AZ, UT, NM, TX, OK, NV","Las Vegas, Nevada, USA",live,2025-07-31 00:00:00,2026-05-19T19:24:33+00:00
amazon:3048881@loc4,Amazon,"Fulfillment Area Manager Intern 2026 - AZ, UT, NM, TX, OK, NV","Phoenix, Arizona, USA",live,2025-07-31 00:00:00,2026-05-19T19:24:33+00:00
amazon:3048881@loc5,Amazon,"Fulfillment Area Manager Intern 2026 - AZ, UT, NM, TX, OK, NV","Tucson, Arizona, USA",live,2025-07-31 00:00:00,2026-05-19T19:24:33+00:00
amazon:3048881@loc6,Amazon,"Fulfillment Area Manager Intern 2026 - AZ, UT, NM, TX, OK, NV","San Marcos, Texas, USA",live,2025-07-31 00:00:00,2026-05-19T19:24:33+00:00
amazon:3048881@loc7,Amazon,"Fulfillment Area Manager Intern 2026 - AZ, UT, NM, TX, OK, NV","Los Lunas, New Mexico, USA",live,2025-07-31 00:00:00,2026-05-19T19:24:33+00:00
amazon:3048907,Amazon,"Fulfillment Area Manager Intern 2026 - WI, MI, OH","Detroit, Michigan, USA",live,2025-07-31 00:00:00,2026-05-19T19:24:33+00:00
amazon:3048907@loc1,Amazon,"Fulfillment Area Manager Intern 2026 - WI, MI, OH","Madison, Wisconsin, USA",live,2025-07-31 00:00:00,2026-05-19T19:24:34+00:00
amazon:3048907@loc2,Amazon,"Fulfillment Area Manager Intern 2026 - WI, MI, OH","Rossford, Ohio, USA",live,2025-07-31 00:00:00,2026-05-19T19:24:34+00:00
amazon:3048907@loc3,Amazon,"Fulfillment Area Manager Intern 2026 - WI, MI, OH","Beloit, Wisconsin, USA",live,2025-07-31 00:00:00,2026-05-19T19:24:34+00:00
amazon:3048907@loc4,Amazon,"Fulfillment Area Manager Intern 2026 - WI, MI, OH","Monroe, Ohio, USA",live,2025-07-31 00:00:00,2026-05-19T19:24:34+00:00
amazon:3048907@loc5,Amazon,"Fulfillment Area Manager Intern 2026 - WI, MI, OH","West Jefferson, Ohio, USA",live,2025-07-31 00:00:00,2026-05-19T19:24:34+00:00
amazon:3048907@loc6,Amazon,"Fulfillment Area Manager Intern 2026 - WI, MI, OH","Union, Ohio, USA",live,2025-07-31 00:00:00,2026-05-19T19:24:34+00:00
amazon:3048907@loc7,Amazon,"Fulfillment Area Manager Intern 2026 - WI, MI, OH","Kenosha, Wisconsin, USA",live,2025-07-31 00:00:00,2026-05-19T19:24:34+00:00
amazon:3048907@loc8,Amazon,"Fulfillment Area Manager Intern 2026 - WI, MI, OH","Euclid, Ohio, USA",live,2025-07-31 00:00:00,2026-05-19T19:24:34+00:00
amazon:3048907@loc9,Amazon,"Fulfillment Area Manager Intern 2026 - WI, MI, OH","Caledonia, Michigan, USA",live,2025-07-31 00:00:00,2026-05-19T19:24:34+00:00
amazon:3094856,Amazon,Loss Prevention Specialist Intern 2026,"Stockton, California, USA",live,2025-09-26 00:00:00,2026-05-19T19:24:34+00:00
amazon:3094856@loc1,Amazon,Loss Prevention Specialist Intern 2026,"Fort Worth, Texas, USA",live,2025-09-26 00:00:00,2026-05-19T19:24:34+00:00
amazon:3094856@loc2,Amazon,Loss Prevention Specialist Intern 2026,"Union, Ohio, USA",live,2025-09-26 00:00:00,2026-05-19T19:24:34+00:00
amazon:3094856@loc3,Amazon,Loss Prevention Specialist Intern 2026,"Salt Lake City, Utah, USA",live,2025-09-26 00:00:00,2026-05-19T19:24:34+00:00
amazon:3094856@loc4,Amazon,Loss Prevention Specialist Intern 2026,"Jacksonville, Florida, USA",live,2025-09-26 00:00:00,2026-05-19T19:24:35+00:00
amazon:3094856@loc5,Amazon,Loss Prevention Specialist Intern 2026,"Mt Juliet, Tennessee, USA",live,2025-09-26 00:00:00,2026-05-19T19:24:35+00:00
amazon:3094856@loc6,Amazon,Loss Prevention Specialist Intern 2026,"West Deptford Twp, New Jersey, USA",live,2025-09-26 00:00:00,2026-05-19T19:24:35+00:00
amazon:3094856@loc7,Amazon,Loss Prevention Specialist Intern 2026,"Matteson, Illinois, USA",live,2025-09-26 00:00:00,2026-05-19T19:24:35+00:00
amazon:10414966,Amazon,"Econ Intern, SP Support Science","Seattle, Washington, USA",live,2026-05-08 00:00:00,2026-05-19T19:24:35+00:00
amazon:10386675,Amazon,"Intern - Economics, Private Brands - Intelligence","Seattle, Washington, USA",live,2026-04-08 00:00:00,2026-05-19T19:24:35+00:00
amazon:10386675@loc1,Amazon,"Intern - Economics, Private Brands - Intelligence","San Diego, California, USA",live,2026-04-08 00:00:00,2026-05-19T19:24:35+00:00
amazon:3088749,Amazon,"Amazon Robotics - 2026 Robotics Systems Engineer Intern/Co-op, Robotics Deployment Engineering","Westborough, Massachusetts, USA",live,2025-09-19 00:00:00,2026-05-19T19:24:36+00:00
amazon:3088749@loc1,Amazon,"Amazon Robotics - 2026 Robotics Systems Engineer Intern/Co-op, Robotics Deployment Engineering","North Reading, Massachusetts, USA",live,2025-09-19 00:00:00,2026-05-19T19:24:36+00:00
amazon:3132414,Amazon,"Amazon Industrial Robotics - Applied Scientist II Intern / Co-op - 2026, Amazon Industrial Robotics","Seattle, Washington, USA",live,2025-11-25 00:00:00,2026-05-19T19:24:36+00:00
amazon:3132414@loc1,Amazon,"Amazon Industrial Robotics - Applied Scientist II Intern / Co-op - 2026, Amazon Industrial Robotics","North Reading, Massachusetts, USA",live,2025-11-25 00:00:00,2026-05-19T19:24:36+00:00
amazon:3132414@loc2,Amazon,"Amazon Industrial Robotics - Applied Scientist II Intern / Co-op - 2026, Amazon Industrial Robotics","Westboro, Wisconsin, USA",live,2025-11-25 00:00:00,2026-05-19T19:24:36+00:00
amazon:10419265,Amazon,Robotics - Software Development Engineer Test Intern (Fall),"Sunnyvale, California, USA",live,2026-05-13 00:00:00,2026-05-19T19:24:36+00:00
amazon:10398968,Amazon,Applied Scientist Intern,"Newark, New Jersey, USA",live,2026-04-21 00:00:00,2026-05-19T19:24:36+00:00
amazon:10397965,Amazon,Applied Scientist Intern,"Newark, New Jersey, USA",live,2026-04-21 00:00:00,2026-05-19T19:24:36+00:00
amazon:3104589,Amazon,"Robotics - Applied Scientist II Intern / Co-op - 2026 (Robotics, Manipulation, Perception, Motion Planning, Autonomous Mobile Robots, Computer Vision, Machine Learning, Controls, and more)","Boston, Massachusetts, USA",live,2025-10-08 00:00:00,2026-05-19T19:24:36+00:00
amazon:3104589@loc1,Amazon,"Robotics - Applied Scientist II Intern / Co-op - 2026 (Robotics, Manipulation, Perception, Motion Planning, Autonomous Mobile Robots, Computer Vision, Machine Learning, Controls, and more)","Sunnyvale, California, USA",live,2025-10-08 00:00:00,2026-05-19T19:24:36+00:00
amazon:3104589@loc2,Amazon,"Robotics - Applied Scientist II Intern / Co-op - 2026 (Robotics, Manipulation, Perception, Motion Planning, Autonomous Mobile Robots, Computer Vision, Machine Learning, Controls, and more)","Westborough, Massachusetts, USA",live,2025-10-08 00:00:00,2026-05-19T19:24:37+00:00
amazon:3104589@loc3,Amazon,"Robotics - Applied Scientist II Intern / Co-op - 2026 (Robotics, Manipulation, Perception, Motion Planning, Autonomous Mobile Robots, Computer Vision, Machine Learning, Controls, and more)","Bellevue, Washington, USA",live,2025-10-08 00:00:00,2026-05-19T19:24:37+00:00
amazon:3104589@loc4,Amazon,"Robotics - Applied Scientist II Intern / Co-op - 2026 (Robotics, Manipulation, Perception, Motion Planning, Autonomous Mobile Robots, Computer Vision, Machine Learning, Controls, and more)","Seattle, Washington, USA",live,2025-10-08 00:00:00,2026-05-19T19:24:37+00:00
amazon:3104589@loc5,Amazon,"Robotics - Applied Scientist II Intern / Co-op - 2026 (Robotics, Manipulation, Perception, Motion Planning, Autonomous Mobile Robots, Computer Vision, Machine Learning, Controls, and more)","Westboro, Wisconsin, USA",live,2025-10-08 00:00:00,2026-05-19T19:24:37+00:00
amazon:3104589@loc6,Amazon,"Robotics - Applied Scientist II Intern / Co-op - 2026 (Robotics, Manipulation, Perception, Motion Planning, Autonomous Mobile Robots, Computer Vision, Machine Learning, Controls, and more)","North Reading, Massachusetts, USA",live,2025-10-08 00:00:00,2026-05-19T19:24:37+00:00
amazon:3137707,Amazon,Robotics - Data Science Intern / Co-op - 2026,"Westborough, Massachusetts, USA",live,2025-12-04 00:00:00,2026-05-19T19:24:37+00:00
amazon:3137707@loc1,Amazon,Robotics - Data Science Intern / Co-op - 2026,"Seattle, Washington, USA",live,2025-12-04 00:00:00,2026-05-19T19:24:37+00:00
amazon:3137707@loc2,Amazon,Robotics - Data Science Intern / Co-op - 2026,"Bellevue, Washington, USA",live,2025-12-04 00:00:00,2026-05-19T19:24:37+00:00
amazon:3137707@loc3,Amazon,Robotics - Data Science Intern / Co-op - 2026,"Westboro, Wisconsin, USA",live,2025-12-04 00:00:00,2026-05-19T19:24:37+00:00
amazon:3137707@loc4,Amazon,Robotics - Data Science Intern / Co-op - 2026,"North Reading, Massachusetts, USA",live,2025-12-04 00:00:00,2026-05-19T19:24:37+00:00
amazon:3164675,Amazon,"Personal Robotics Group - Research Scientist II Intern / Co-op - 2026 (Robotics, Manipulation, Locomotion, Controls, Reinforcement Learning, Perception, Manipulation, Planning, HRI and more)","Sunnyvale, California, USA",live,2026-01-22 00:00:00,2026-05-19T19:24:37+00:00
amazon:3136266,Amazon,Robotics - Software Development Engineer Intern/Co-op - 2026,"Austin, Texas, USA",live,2025-12-03 00:00:00,2026-05-19T19:24:38+00:00
amazon:3136266@loc1,Amazon,Robotics - Software Development Engineer Intern/Co-op - 2026,"Nashville, Tennessee, USA",live,2025-12-03 00:00:00,2026-05-19T19:24:38+00:00
amazon:3136266@loc2,Amazon,Robotics - Software Development Engineer Intern/Co-op - 2026,"Sunnyvale, California, USA",live,2025-12-03 00:00:00,2026-05-19T19:24:38+00:00
amazon:3136266@loc3,Amazon,Robotics - Software Development Engineer Intern/Co-op - 2026,"Bellevue, Washington, USA",live,2025-12-03 00:00:00,2026-05-19T19:24:38+00:00
amazon:3136266@loc4,Amazon,Robotics - Software Development Engineer Intern/Co-op - 2026,"Seattle, Washington, USA",live,2025-12-03 00:00:00,2026-05-19T19:24:38+00:00
amazon:3136266@loc5,Amazon,Robotics - Software Development Engineer Intern/Co-op - 2026,"Arlington, Virginia, USA",live,2025-12-03 00:00:00,2026-05-19T19:24:38+00:00
amazon:3136266@loc6,Amazon,Robotics - Software Development Engineer Intern/Co-op - 2026,"North Reading, Massachusetts, USA",live,2025-12-03 00:00:00,2026-05-19T19:24:38+00:00
amazon:3136266@loc7,Amazon,Robotics - Software Development Engineer Intern/Co-op - 2026,"Westboro, Wisconsin, USA",live,2025-12-03 00:00:00,2026-05-19T19:24:38+00:00
amazon:3162389,Amazon,"Personal Robotics Group - Applied Scientist II Intern / Co-op - 2026 (Robotics, Manipulation, Locomotion, Controls, Reinforcement Learning, Perception, Manipulation, Planning, HRI and more)","Sunnyvale, California, USA",live,2026-01-20 00:00:00,2026-05-19T19:24:38+00:00
amazon:3116030,Amazon,Software Development Engineer Internship - Fall 2026 (US),"Seattle, Washington, USA",live,2025-10-27 00:00:00,2026-05-19T19:24:38+00:00
amazon:3179209,Amazon,Software Development Engineer Fall Intern - Military Veteran,"Jersey City, New Jersey, USA",live,2026-02-11 00:00:00,2026-05-19T19:24:38+00:00
amazon:3179209@loc1,Amazon,Software Development Engineer Fall Intern - Military Veteran,"Boston, Massachusetts, USA",live,2026-02-11 00:00:00,2026-05-19T19:24:38+00:00
amazon:3179209@loc2,Amazon,Software Development Engineer Fall Intern - Military Veteran,"Arlington, Virginia, USA",live,2026-02-11 00:00:00,2026-05-19T19:24:38+00:00
amazon:3179209@loc3,Amazon,Software Development Engineer Fall Intern - Military Veteran,"Seattle, Washington, USA",live,2026-02-11 00:00:00,2026-05-19T19:24:39+00:00
amazon:3179209@loc4,Amazon,Software Development Engineer Fall Intern - Military Veteran,"Santa Clara, California, USA",live,2026-02-11 00:00:00,2026-05-19T19:24:39+00:00
amazon:3179209@loc5,Amazon,Software Development Engineer Fall Intern - Military Veteran,"New York, New York, USA",live,2026-02-11 00:00:00,2026-05-19T19:24:39+00:00
amazon:3179209@loc6,Amazon,Software Development Engineer Fall Intern - Military Veteran,"Denver, Colorado, USA",live,2026-02-11 00:00:00,2026-05-19T19:24:39+00:00
amazon:3179209@loc7,Amazon,Software Development Engineer Fall Intern - Military Veteran,"San Francisco, California, USA",live,2026-02-11 00:00:00,2026-05-19T19:24:39+00:00
amazon:3179209@loc8,Amazon,Software Development Engineer Fall Intern - Military Veteran,"Brooklyn, New York, USA",live,2026-02-11 00:00:00,2026-05-19T19:24:39+00:00
amazon:3179209@loc9,Amazon,Software Development Engineer Fall Intern - Military Veteran,"Carle Place, New York, USA",live,2026-02-11 00:00:00,2026-05-19T19:24:39+00:00
amazon:3176569,Amazon,Network Development Engineer Intern - Fall Intern,"Seattle, Washington, USA",live,2026-02-08 00:00:00,2026-05-19T19:24:39+00:00
amazon:3176569@loc1,Amazon,Network Development Engineer Intern - Fall Intern,"Arlington, Virginia, USA",live,2026-02-08 00:00:00,2026-05-19T19:24:40+00:00
amazon:3176569@loc2,Amazon,Network Development Engineer Intern - Fall Intern,"Herndon, Virginia, USA",live,2026-02-08 00:00:00,2026-05-19T19:24:40+00:00
amazon:3176569@loc3,Amazon,Network Development Engineer Intern - Fall Intern,"Cupertino, California, USA",live,2026-02-08 00:00:00,2026-05-19T19:24:40+00:00
amazon:3134080,Amazon,Network Development Engineer Intern - Fall 2026,"Seattle, Washington, USA",live,2025-12-01 00:00:00,2026-05-19T19:24:40+00:00
amazon:3134080@loc1,Amazon,Network Development Engineer Intern - Fall 2026,"Arlington, Virginia, USA",live,2025-12-01 00:00:00,2026-05-19T19:24:40+00:00
amazon:3134080@loc2,Amazon,Network Development Engineer Intern - Fall 2026,"Herndon, Virginia, USA",live,2025-12-01 00:00:00,2026-05-19T19:24:40+00:00
amazon:3134080@loc3,Amazon,Network Development Engineer Intern - Fall 2026,"Cupertino, California, USA",live,2025-12-01 00:00:00,2026-05-19T19:24:40+00:00
amazon:10412530,Amazon,"Software Development Engineer Intern, AWS Data Services - Fall 2026 (US)","Seattle, Washington, USA",live,2026-05-06 00:00:00,2026-05-19T19:24:40+00:00
amazon:10407301,Amazon,Front-End Engineer Fall Internship – 2026 (US),"Seattle, Washington, USA",live,2026-04-29 00:00:00,2026-05-19T19:24:40+00:00
amazon:10400153,Amazon,(Fall 2026) Annapurna Labs at AWS Internship (US) - Machine Learning Systems & Silicon Innovation,"Austin, Texas, USA",live,2026-04-22 00:00:00,2026-05-19T19:24:40+00:00
amazon:10400153@loc1,Amazon,(Fall 2026) Annapurna Labs at AWS Internship (US) - Machine Learning Systems & Silicon Innovation,"Seattle, Washington, USA",live,2026-04-22 00:00:00,2026-05-19T19:24:40+00:00
amazon:10400153@loc2,Amazon,(Fall 2026) Annapurna Labs at AWS Internship (US) - Machine Learning Systems & Silicon Innovation,"Cupertino, California, USA",live,2026-04-22 00:00:00,2026-05-19T19:24:40+00:00
amazon:10420146,Amazon,"Jr. Software Development Engineer - San Luis Obispo, CA, Jr. Developer Program","San Luis Obispo, California, USA",live,2026-05-14 00:00:00,2026-05-19T19:24:41+00:00
amazon:3189496,Amazon,"Jr. Software Development Engineer - Sunnyvale, CA, Jr. Developer Program","Sunnyvale, California, USA",live,2026-02-25 00:00:00,2026-05-19T19:24:41+00:00
amazon:10378626,Amazon,Applied Scientist,"Seattle, Washington, USA",live,2026-03-27 00:00:00,2026-05-19T19:24:41+00:00
amazon:10394864,Amazon,"Software Development Engineer, Traffic Engineering","New York, New York, USA",live,2026-04-17 00:00:00,2026-05-19T19:24:41+00:00
amazon:10414986,Amazon,"Software Development Engineer, Traffic Engineering","New York, New York, USA",live,2026-05-08 00:00:00,2026-05-19T19:24:41+00:00
amazon:10410633,Amazon,MIT Pathways Data Associate Intern,"Boston, Massachusetts, USA",live,2026-05-04 00:00:00,2026-05-19T19:24:41+00:00
amazon:3122543,Amazon,"Member of Technical Staff Intern (2026), Artificial General Intelligence (AGI)","San Francisco, California, USA",live,2025-11-06 00:00:00,2026-05-19T19:24:41+00:00
uber:159161,Uber,"2026 Fall Software Engineering Internship, US","New York, New York, United States",live,2026-05-04 18:32:00+00:00,2026-05-19T19:24:42+00:00
tiktok:7638887044509468981,TikTok,Trending Sports Product Operation Project Intern (TikTok-Search) - 2026 Start (BS/MS),"San Jose, California, United States of America",live,,2026-05-19T19:24:42+00:00
tiktok:7639521144522148149,TikTok,Collectible Category Management Project Intern (TikTok- Operations) - 2026 Start (BS/MS),"Seattle, Washington, United States of America",live,,2026-05-19T19:24:42+00:00
tiktok:7639519490268088581,TikTok,Category Campaign Project Intern (TikTok Shop - US Operation) - 2026 Start (BS/MS),"Seattle, Washington, United States of America",live,,2026-05-19T19:24:42+00:00
tiktok:7631289371915864373,TikTok,Entertainment Partnerships and Operations Project Intern (TikTok-Operations-Entertainment) - 2026 Start (BS/MS),"Los Angeles, California, United States of America",live,,2026-05-19T19:24:42+00:00
tiktok:7639509050870434101,TikTok,Data Science Operations Project Intern (Business Integrity Data Cycling Center) - 2026 Start (BS/MS),"San Jose, California, United States of America",live,,2026-05-19T19:24:42+00:00
tiktok:7637047421538404613,TikTok,Software Engineer Intern (Quality and Efficiency Technology) - 2026 Summer (BS/MS),"San Jose, California, United States of America",live,,2026-05-19T19:24:42+00:00
tiktok:7611950589973186821,TikTok,AI Product Operations Project Intern (TikTok-Platform Responsibility-Teen Experience) - 2026 Start (BS/MS),"San Jose, California, United States of America",live,,2026-05-19T19:24:42+00:00
tiktok:7636976435994953989,TikTok,Global Agency Acquisition Project Intern (Scaled Growth) - 2026 Start (BS/MS),"San Jose, California, United States of America",live,,2026-05-19T19:24:42+00:00
tiktok:7636438439764920629,TikTok,News Partnerships and Operations Project Intern (TikTok-Operations-News) - 2026 Start (BS/MS),"Los Angeles, California, United States of America",live,,2026-05-19T19:24:42+00:00
tiktok:7625929879091300613,TikTok,(General Hire) Machine Learning Engineer Intern (TikTok-Recommendation) - 2026 Fall (BS/MS),"San Jose, California, United States of America",live,,2026-05-19T19:24:42+00:00
tiktok:7630970740028590389,TikTok,Emerging Verticals Creator Programs Operations Project Intern (TikTok-Operations-AMS) - 2026 Start (BS/MS),"Los Angeles, California, United States of America",live,,2026-05-19T19:24:43+00:00
tiktok:7633926875601553717,TikTok,Publisher Partnerships Project Intern (TikTok-Operations-News-Global Partnerships) - 2026 Start (BS/MS),"Los Angeles, California, United States of America",live,,2026-05-19T19:24:43+00:00
tiktok:7595340771562621189,TikTok,Machine Learning Engineer Intern (Monetization Technology - Ads Core Global) - 2026 Summer (BS/MS),"San Jose, California, United States of America",live,,2026-05-19T19:24:43+00:00
tiktok:7637170199012493573,TikTok,Platform Operations Specialist - Systems Infrastructure and Excellence - T&S,"San Jose, California, United States of America",live,,2026-05-19T19:24:43+00:00
tiktok:7630972772042279221,TikTok,Emerging Verticals Creator Programs Operations Project Intern (TikTok-Operations-AMS) - 2026 Start (BS/MS),"San Jose, California, United States of America",live,,2026-05-19T19:24:43+00:00
tiktok:7636104027887372549,TikTok,TikTok Shop Partner Manager Project Intern (TikTok Shop - US Operation) - 2026 Start (BS/MS),"Los Angeles, California, United States of America",live,,2026-05-19T19:24:43+00:00
tiktok:7634347340944148741,TikTok,Campaign Project Intern (TikTok Shop - US Operation) - 2026 Start (BS/MS),"Seattle, Washington, United States of America",live,,2026-05-19T19:24:43+00:00
tiktok:7634362049033849093,TikTok,Category Manager Project Intern (TikTok Shop-Operations) - 2026 Start (BS/MS),"Seattle, Washington, United States of America",live,,2026-05-19T19:24:43+00:00
tiktok:7623166667125508357,TikTok,Machine Learning Engineer Intern (Search Ads) - 2026 Fall (BS/MS),"San Jose, California, United States of America",live,,2026-05-19T19:24:43+00:00
tiktok:7626901708396595509,TikTok,Category Manager Project Intern (TikTok Shop - Operations) - 2026 Start (BS/MS),"New York, New York, United States of America",live,,2026-05-19T19:24:43+00:00
tiktok:7533148570179209479,TikTok,AI Creative Designer Intern [TikTok-Design-Effect]- 2026 Summer (BS/MS),"San Jose, California, United States of America",live,,2026-05-19T19:24:43+00:00
tiktok:7536042624604997896,TikTok,Software Engineer Intern (Global SRE) - 2026 Summer (BS/MS),"San Jose, California, United States of America",live,,2026-05-19T19:24:44+00:00
tiktok:7632363492922034485,TikTok,Creative Product Operations Project Intern (Monetization Product) - 2026 Start (BS/MS),"New York, New York, United States of America",live,,2026-05-19T19:24:44+00:00
tiktok:7631599293708126517,TikTok,LLM Post-training Engineer Intern (Research & Product) - 2026 Summer (BS/MS),"San Jose, California, United States of America",live,,2026-05-19T19:24:44+00:00
tiktok:7592001144580262197,TikTok,Data Scientist Intern (TikTok UG-Mid Platform) - 2026 Summer (BS/MS),"San Jose, California, United States of America",live,,2026-05-19T19:24:44+00:00
tiktok:7534818364393654535,TikTok,Data Engineer Intern (E-commerce) - 2026 Summer (BS/MS),"Seattle, Washington, United States of America",live,,2026-05-19T19:24:44+00:00
tiktok:7600251462900140341,TikTok,Machine Learning Engineer Intern (Lead Ads) - 2026 Summer (BS/MS),"San Jose, California, United States of America",live,,2026-05-19T19:24:44+00:00
tiktok:7631664921580226821,TikTok,Business Analyst Project Intern (Creative Ads - Monetization Product) - 2026 Start (MBA),"New York, New York, United States of America",live,,2026-05-19T19:24:44+00:00
tiktok:7632080262139988229,TikTok,Category Manager Project Intern (TikTok Shop - US Operatons) - 2026 Start (BS/MS),"Seattle, Washington, United States of America",live,,2026-05-19T19:24:44+00:00
tiktok:7620522118765398325,TikTok,Art & Nature Category Management Project Intern (TikTok Shop - Art & Nature) - 2026 Start (BS/MS),"Los Angeles, California, United States of America",live,,2026-05-19T19:24:44+00:00
tiktok:7610543185362372917,TikTok,Data Scientist Intern (TikTok Integrity and Safety) - 2026 Summer (BS/MS),"San Jose, California, United States of America",live,,2026-05-19T19:24:44+00:00
tiktok:7632085581338740997,TikTok,Business Management Project Intern (TikTok Shop - US Operation) - 2026 Start (BS/MS),"Los Angeles, California, United States of America",live,,2026-05-19T19:24:44+00:00
tiktok:7623941412230727941,TikTok,Category Manager Project Intern (TikTok Shop - Fashion) - 2026 Start (BS/MS),"Seattle, Washington, United States of America",live,,2026-05-19T19:24:45+00:00
tiktok:7618101030349670709,TikTok,(General Hire) Designer Project Intern (TikTok-Design) - 2026 Start (BS/MS),"San Jose, California, United States of America",live,,2026-05-19T19:24:45+00:00
tiktok:7572665884037826869,TikTok,Software Engineer Intern (Ads Infrastructure) - 2026 Summer (BS/MS),"San Jose, California, United States of America",live,,2026-05-19T19:24:45+00:00
tiktok:7629053270422653237,TikTok,Luxury Resale Category Management Project Intern (TikTok Shop - Operation) - 2026 Start (BS/MS),"Los Angeles, California, United States of America",live,,2026-05-19T19:24:45+00:00
tiktok:7584219416980818229,TikTok,Data Engineer Intern (Ads Data) - 2026 Summer (BS/MS),"San Jose, California, United States of America",live,,2026-05-19T19:24:45+00:00
tiktok:7535234137146444040,TikTok,Machine Learning Engineer Intern (Data-Search-TikTok Recommendation Team) - 2026 Summer (BS/MS),"Seattle, Washington, United States of America",live,,2026-05-19T19:24:45+00:00
tiktok:7568546589788227893,TikTok,Data Engineer Intern (Data Platform - Global Live) - 2026 Start (MS),"San Jose, California, United States of America",live,,2026-05-19T19:24:45+00:00
tiktok:7535554741796014344,TikTok,Site Reliability Engineer Intern (Compute Platform)  - 2026 Summer (BS/MS),"Seattle, Washington, United States of America",live,,2026-05-19T19:24:45+00:00
tiktok:7613563495740852485,TikTok,Creative Designer Intern (TikTok-Design-LIVE) - 2026 Summer (BS/MS),"Los Angeles, California, United States of America",live,,2026-05-19T19:24:45+00:00
tiktok:7595346361319491893,TikTok,Machine Learning Engineer Intern (Commerce Ads) - 2026 Summer (BS/MS),"San Jose, California, United States of America",live,,2026-05-19T19:24:46+00:00
tiktok:7623166673809770757,TikTok,Machine Learning Engineer Intern (App Ads) - 2026 Fall (BS/MS),"San Jose, California, United States of America",live,,2026-05-19T19:24:46+00:00
tiktok:7540823148805032210,TikTok,Software Engineer Intern (AI Model Optimization) - 2026 Summer (BS/MS),"Seattle, Washington, United States of America",live,,2026-05-19T19:24:46+00:00
tiktok:7629500062003218741,TikTok,"Software Engineer Project Intern (Recommendation Infrastructure, TikTok Video Social) - 2026 Start (BS/MS)","San Jose, California, United States of America",live,,2026-05-19T19:24:46+00:00
tiktok:7620881622469953797,TikTok,HR Business Partner Project Intern (GMPT) - 2026 Start (BS/MS),"San Jose, California, United States of America",live,,2026-05-19T19:24:46+00:00
tiktok:7537493362585979154,TikTok,[Online Assessment] Software Engineer Intern (Recommendation Infrastructure) - 2026 Fall (BS/ MS),"Seattle, Washington, United States of America",live,,2026-05-19T19:24:46+00:00
tiktok:7624509482609035573,TikTok,Central Operation Intern (HR Operation) - 2026 Summer (BS/MS),"San Jose, California, United States of America",live,,2026-05-19T19:24:46+00:00
tiktok:7595307123552028981,TikTok,Machine Learning Engineer Intern (Ads Measurement Signal and Privacy) - 2026 Summer (BS/MS),"San Jose, California, United States of America",live,,2026-05-19T19:24:46+00:00
tiktok:7537491011187902727,TikTok,[Online Assessment] Software Engineer Intern (Recommendation Infrastructure) - 2026 Summer (BS/ MS),"Seattle, Washington, United States of America",live,,2026-05-19T19:24:46+00:00
tiktok:7581728928395053317,TikTok,Operation Intern (TikTok-PGC)- 2026 Summer (BS/MS),"San Jose, California, United States of America",live,,2026-05-19T19:24:46+00:00
tiktok:7534817408415861000,TikTok,Data Engineer Intern (E-commerce) - 2026 Summer (BS/MS),"San Jose, California, United States of America",live,,2026-05-19T19:24:46+00:00
tiktok:7534852684386617618,TikTok,Machine Learning Engineer Intern - TikTok Search Team - 2026 Summer (BS/MS),"San Jose, California, United States of America",live,,2026-05-19T19:24:46+00:00
tiktok:7534626464240994568,TikTok,Machine Learning Engineer Intern - TikTok Search Local Services team  - 2026 Summer (BS/MS),"San Jose, California, United States of America",live,,2026-05-19T19:24:47+00:00
tiktok:7534803858175576327,TikTok,Data Engineer Intern (Data Platfrom TikTok BP) - 2026 Summer (BS/MS),"San Jose, California, United States of America",live,,2026-05-19T19:24:47+00:00
tiktok:7595306554946193717,TikTok,Frontend Software Engineer Intern (Ads Measurement Signal and Privacy) - 2026 Summer (BS/MS),"San Jose, California, United States of America",live,,2026-05-19T19:24:47+00:00
tiktok:7540823204350527752,TikTok,Software Engineer Intern (AI Model Optimization) - 2026 Summer (BS/MS),"San Jose, California, United States of America",live,,2026-05-19T19:24:47+00:00
tiktok:7527589557336869138,TikTok,Machine Learning Engineer Intern (Trust and Safety - CV/NLP/Multimodal LLM) - 2026 Summer(BS/MS),"San Jose, California, United States of America",live,,2026-05-19T19:24:47+00:00
tiktok:7534851658053830930,TikTok,Machine Learning Engineer Intern - Data-Search-TikTok Recommendation Team - 2026 Summer (BS/MS),"San Jose, California, United States of America",live,,2026-05-19T19:24:47+00:00
tiktok:7623946318901430581,TikTok,Category Management Project Intern (TikTok Shop - Operation Center) - 2026 Start (BS/MS),"Seattle, Washington, United States of America",live,,2026-05-19T19:24:47+00:00
tiktok:7534797131279976722,TikTok,Site Reliability Engineer Intern (Compute Platform)  - 2026 Summer (BS/MS),"San Jose, California, United States of America",live,,2026-05-19T19:24:47+00:00
tiktok:7532444719809628424,TikTok,Software Engineer/Mobile Engineer Intern (Monetization Technology - Ads Core Demonstration) - 2026 Start (BS/MS),"San Jose, California, United States of America",live,,2026-05-19T19:24:47+00:00
tiktok:7595305817516165381,TikTok,Software Engineer Intern (Ads Measurement Signal and Privacy) - 2026 Summer (BS/MS),"San Jose, California, United States of America",live,,2026-05-19T19:24:47+00:00
tiktok:7562342433721862405,TikTok,Machine Learning Engineer Intern (Monetization Technology)- 2026 Summer (BS/MS),"San Jose, California, United States of America",live,,2026-05-19T19:24:47+00:00
tiktok:7624284785283746053,TikTok,Software Engineer Project Intern (Model Infrastructure) - 2026 Start (BS/MS),"San Jose, California, United States of America",live,,2026-05-19T19:24:48+00:00
tiktok:7595346355196954933,TikTok,Software Engineer Intern (Commerce Ads) - 2026 Summer (BS/MS),"Seattle, Washington, United States of America",live,,2026-05-19T19:24:48+00:00
tiktok:7616572882755750149,TikTok,Partner Operations Intern (Monetization Product Partnerships) - 2026 Summer (MBA),"New York, New York, United States of America",live,,2026-05-19T19:24:48+00:00
tiktok:7547874598140021000,TikTok,Category Manager Project Intern (TikTok Shop - Fashion) - 2026 Start (BS/MS),"Seattle, Washington, United States of America",live,,2026-05-19T19:24:48+00:00
tiktok:7527589875165563143,TikTok,Machine Learning Engineer Intern (Trust and Safety - CV/NLP/Multimodal LLM) - 2026 Summer (BS/MS),"Seattle, Washington, United States of America",live,,2026-05-19T19:24:48+00:00
tiktok:7595733632086591797,TikTok,Frontend Engineer Project Intern (TikTok Multimedia Arch) - 2026 (BS/MS),"San Jose, California, United States of America",live,,2026-05-19T19:24:48+00:00
tiktok:7611350406535203125,TikTok,External Affairs Project Intern (TikTok Shop - Operation Center) - 2026 Start (BS/MS),"Seattle, Washington, United States of America",live,,2026-05-19T19:24:48+00:00
tiktok:7561941583777941813,TikTok,Software Engineer Intern (Monetization Technology) - 2026 Summer (BS/MS),"San Jose, California, United States of America",live,,2026-05-19T19:24:48+00:00
tiktok:7543420658085185799,TikTok,Software Engineer Intern (Business Integrity) - 2026 Summer (BS/MS),"San Jose, California, United States of America",live,,2026-05-19T19:24:48+00:00
tiktok:7592368550477465909,TikTok,(General Hire) Software Engineer Intern (TikTok Eng-Short Video) - 2026 Summer (BS/MS),"San Jose, California, United States of America",live,,2026-05-19T19:24:48+00:00
tiktok:7593109215750621445,TikTok,Creator Manager Project Intern (TikTok LIVE-AMS) - 2026 Start (BS/MS),"Los Angeles, California, United States of America",live,,2026-05-19T19:24:48+00:00
tiktok:7602372355023669509,TikTok,Risk Governance Analyst Intern (Business Integrity) - 2026 Summer (BS/MS),"San Jose, California, United States of America",live,,2026-05-19T19:24:48+00:00
tiktok:7534800139048175880,TikTok,Software Engineer Intern (Agentic AI Engine - Data Management platform) - 2026 Summer (BS/MS),"San Jose, California, United States of America",live,,2026-05-19T19:24:48+00:00
tiktok:7600250402370586933,TikTok,Machine Learning Engineer Intern (Search Ads)- 2026 Summer (BS/MS),"San Jose, California, United States of America",live,,2026-05-19T19:24:49+00:00
tiktok:7595344466313529653,TikTok,Frontend Engineer Intern (Ads Interface and Platform) - 2026 Summer (BS/MS),"San Jose, California, United States of America",live,,2026-05-19T19:24:49+00:00
tiktok:7533496202555476242,TikTok,Creator Operations Intern (TikTok Local Services) - 2026 Summer (BS/MS),"Los Angeles, California, United States of America",live,,2026-05-19T19:24:49+00:00
tiktok:7600249452305778997,TikTok,Machine Learning Engineer Intern (App Ads)- 2026 Summer (BS/MS),"San Jose, California, United States of America",live,,2026-05-19T19:24:49+00:00
tiktok:7538307729329277202,TikTok,Backend Software Engineer Intern(Foundation Platform) - 2026 Summer (BS/MS),"San Jose, California, United States of America",live,,2026-05-19T19:24:49+00:00
tiktok:7532747359991859463,TikTok,Software Engineer Intern (TikTok-Growth-Customer Lifecycle) - 2026 Summer (BS/MS),"San Jose, California, United States of America",live,,2026-05-19T19:24:49+00:00
tiktok:7594694345997388085,TikTok,TikTok Short Drama Project Intern (TikTok-Short-Drama) - 2026 Start (BS/MS),"Los Angeles, California, United States of America",live,,2026-05-19T19:24:49+00:00
tiktok:7600292878967785781,TikTok,Platform-Product Solutions and Operations Intern (Ads Interface and Platform) - 2026 Summer (BS/MS),"San Jose, California, United States of America",live,,2026-05-19T19:24:49+00:00
tiktok:7598068289244809525,TikTok,Data Science Intern (Advertisement Team) - 2026 Summer (BS/MS),"San Jose, California, United States of America",live,,2026-05-19T19:24:49+00:00
tiktok:7603170236103870773,TikTok,Category Management Project Intern (TikTok Shop - Operation Center) - 2026 Start (BS/MS),"Seattle, Washington, United States of America",live,,2026-05-19T19:24:49+00:00
tiktok:7533278507406182674,TikTok,Software Engineer Graduate (Experimentation and Evaluation) - 2026 Start (BS/MS),"San Jose, California, United States of America",live,,2026-05-19T19:24:50+00:00
tiktok:7527618943449909522,TikTok,Software Engineer Intern (Trust and Safety -Engineer-AI Safety)- 2026 Summer (BS/MS),"San Jose, California, United States of America",live,,2026-05-19T19:24:50+00:00
tiktok:7538304000404244743,TikTok,Software Engineer Intern(Video-on-Demand Algorithm) - 2026 Summer (BS/MS),"San Jose, California, United States of America",live,,2026-05-19T19:24:50+00:00
tiktok:7609019984313452805,TikTok,Software Engineer Project Intern(Video-on-Demand Algorithm) - 2026 Start (BS/MS),"San Jose, California, United States of America",live,,2026-05-19T19:24:50+00:00
tiktok:7603879407275444533,TikTok,Special Project Strategist Intern (TikTok Shop - Operations) - 2026 Summer (BS/ MS),"Seattle, Washington, United States of America",live,,2026-05-19T19:24:50+00:00
tiktok:7592014594232142085,TikTok,Platform Campaign Project Intern (TikTok- Operations) - 2026 Start (BS/MS),"Seattle, Washington, United States of America",live,,2026-05-19T19:24:50+00:00
tiktok:7597568502488647989,TikTok,Seller Live Project Intern (TikTok Shop Operations) - 2026 Start (BS/MS),"New York, New York, United States of America",live,,2026-05-19T19:24:50+00:00
tiktok:7534793633532479751,TikTok,"Software Engineer Intern (Experimentation & Evaluation, Data Platform) - 2026 Summer (BS/MS)","San Jose, California, United States of America",live,,2026-05-19T19:24:50+00:00
tiktok:7547370946877901063,TikTok,Machine Learning Engineer Intern (USDS) - 2026 Summer (BS/MS),"San Jose, California, United States of America",live,,2026-05-19T19:24:50+00:00
tiktok:7585114089765947701,TikTok,(General Hire) Machine Learning Engineer Intern (TikTok- Video Recommendation) - 2026 Summer (BS/MS),"San Jose, California, United States of America",live,,2026-05-19T19:24:50+00:00
tiktok:7600202821496998197,TikTok,Business Analyst Project Intern (GBS SMB) - 2026 Start (BS/MS),"New York, New York, United States of America",live,,2026-05-19T19:24:50+00:00
tiktok:7530513185797359880,TikTok,Software Engineer Project Intern (Platform efficiency) - 2026 Start (BS/MS),"San Jose, California, United States of America",live,,2026-05-19T19:24:51+00:00
tiktok:7606490273796278581,TikTok,Machine Learning Project Intern (Business Integrity Data Cycling Center) - 2026 Start (BS/MS),"San Jose, California, United States of America",live,,2026-05-19T19:24:51+00:00
tiktok:7600184343776135477,TikTok,Solutions Engineer Intern (Advertisement Team) - 2026 Summer (BS/MS),"San Jose, California, United States of America",live,,2026-05-19T19:24:51+00:00
tiktok:7572358528171510069,TikTok,GPU/AI Application System Software Engineer Intern (System Technologies and Engineering) - 2026 Summer (BS/MS),"San Jose, California, United States of America",live,,2026-05-19T19:24:51+00:00
tiktok:7583037883411138869,TikTok,Category Management Project Intern (TikTok- Operations) - 2026 Start (BS/MS),"New York, New York, United States of America",live,,2026-05-19T19:24:51+00:00
tiktok:7473334964256393479,TikTok,Software Engineer Intern (Ads Interface and Platform) - 2026 Summer (BS/MS),"San Jose, California, United States of America",live,,2026-05-19T19:24:51+00:00
tiktok:7558688155957987591,TikTok,Category Manager Intern (TikTok Shop - Operations) - 2026 Summer (MBA),"Los Angeles, California, United States of America",live,,2026-05-19T19:24:51+00:00
tiktok:7527065936093858055,TikTok,(General Hire) Machine Learning Engineer Intern (TikTok-Recommendation) - 2026 Summer (BS/MS),"San Jose, California, United States of America",live,,2026-05-19T19:24:51+00:00
tiktok:7583141608302987525,TikTok,Product Management Project Intern (TikTok- Operations) - 2026 Start (BS/MS),"Seattle, Washington, United States of America",live,,2026-05-19T19:24:51+00:00
tiktok:7558685003706681607,TikTok,Category Manager Intern (TikTok Shop - Operations) - 2026 Summer (MBA),"Los Angeles, California, United States of America",live,,2026-05-19T19:24:51+00:00
tiktok:7600535181632457013,TikTok,Security Software Engineer Project Intern (Product Security) - 2026 Start (BS/MS),"San Jose, California, United States of America",live,,2026-05-19T19:24:51+00:00
tiktok:7584522934515714357,TikTok,Product Management Project Intern (TikTok Shop- Operations) - 2026 Start (BS/MS),"Los Angeles, California, United States of America",live,,2026-05-19T19:24:51+00:00
tiktok:7600536394771564853,TikTok,Security Software Engineer Project Intern (Product Security) - 2026 Start (BS/MS),"San Jose, California, United States of America",live,,2026-05-19T19:24:52+00:00
tiktok:7594643787336419589,TikTok,Category Management Project Intern (TikTok Shop - Operation Center) - 2026 Start (BS/MS),"Seattle, Washington, United States of America",live,,2026-05-19T19:24:52+00:00
tiktok:7573769508860873013,TikTok,Seller Live Analytics Project Intern (TikTok Shop Operations) - 2026 Starts (BS/MS),"New York, New York, United States of America",live,,2026-05-19T19:24:52+00:00
tiktok:7580144277263796533,TikTok,Category Management Project Intern (TikTok Shop - Operation Center) - 2026 Start (BS/MS),"Seattle, Washington, United States of America",live,,2026-05-19T19:24:52+00:00
tiktok:7558676529299884295,TikTok,Category Manager Intern (TikTok Shop - Operations) - 2026 Summer (MBA),"Seattle, Washington, United States of America",live,,2026-05-19T19:24:52+00:00
tiktok:7577213832914749701,TikTok,Category Management Project Intern (TikTok- Operations) - 2026 Start (BS/MS),"Seattle, Washington, United States of America",live,,2026-05-19T19:24:52+00:00
tiktok:7544146412490934535,TikTok,Special Project Strategist Intern (TikTok Shop - Operations) - 2026 Summer (MBA),"Los Angeles, California, United States of America",live,,2026-05-19T19:24:52+00:00
tiktok:7538301580093720840,TikTok,Backend Software Engineer Intern(Media Platform) - 2026 Summer (BS/MS),"San Jose, California, United States of America",live,,2026-05-19T19:24:52+00:00
tiktok:7592007689346107701,TikTok,Creator Campaign Project Intern (TikTok Shop- Operations) - 2026 Start (BS/MS),"Los Angeles, California, United States of America",live,,2026-05-19T19:24:52+00:00
tiktok:7538625092726180103,TikTok,Special Project Strategist Intern (TikTok Shop - Operations) - 2026 Summer (BS/ MS),"Los Angeles, California, United States of America",live,,2026-05-19T19:24:52+00:00
tiktok:7574976818442078517,TikTok,Category Management Project Intern (TikTok Shop - Operation Center) - 2026 Start (BS/MS),"Seattle, Washington, United States of America",live,,2026-05-19T19:24:52+00:00
tiktok:7540063663148747026,TikTok,AI Agent Development Project Intern (TikTok Shop Governance and Experience) - 2026 Start (BS/MS),"Seattle, Washington, United States of America",live,,2026-05-19T19:24:53+00:00
tiktok:7579030544069314869,TikTok,Category Management Project Intern (TikTok- Operations) - 2026 Start (BS/MS),"New York, New York, United States of America",live,,2026-05-19T19:24:53+00:00
tiktok:7563738064222095669,TikTok,Business Analyst Project Intern(TikTok- Operations) - 2026 Start (BS/MS),"Los Angeles, California, United States of America",live,,2026-05-19T19:24:53+00:00
tiktok:7534536157456058632,TikTok,Software Engineer Intern (Capital Platform) - 2026 Summer (BS/MS),"San Jose, California, United States of America",live,,2026-05-19T19:24:53+00:00
tiktok:7534626087721240839,TikTok,Machine Learning Engineer Intern - TikTok Search E-Commerce team  - 2026 Summer (BS/MS),"San Jose, California, United States of America",live,,2026-05-19T19:24:53+00:00
tiktok:7558688157182118162,TikTok,Category Manager Intern (TikTok Shop - Operations) - 2026 Summer (MBA),"Los Angeles, California, United States of America",live,,2026-05-19T19:24:53+00:00
tiktok:7584179082162653445,TikTok,Software Engineer Project Intern (Lead Ads) - 2026 Start (BS/MS),"San Jose, California, United States of America",live,,2026-05-19T19:24:53+00:00
tiktok:7558676459792304392,TikTok,Category Manager Intern (TikTok Shop - Operations) - 2026 Summer (MBA),"Seattle, Washington, United States of America",live,,2026-05-19T19:24:53+00:00
tiktok:7558703587895838994,TikTok,Creator Operation Manager Intern (TikTok Shop - Operations)  - 2026 Summer (BS/ MS),"Los Angeles, California, United States of America",live,,2026-05-19T19:24:53+00:00
tiktok:7640245673271200053,TikTok,Category Campaign Project Intern (TikTok Shop - US Operation) - 2026 Start (BS/MS),"Los Angeles, California, United States of America",live,,2026-05-19T19:24:53+00:00
tiktok:7532194295143532807,TikTok,Product Operations Intern (TikTok Shop Apps and API) - 2026 Summer (BS/MS),"Seattle, Washington, United States of America",live,,2026-05-19T19:24:53+00:00
tiktok:7533387057667934482,TikTok,Software Engineer Intern (Data Ecosystem) - 2026 Summer (BS/MS),"Seattle, Washington, United States of America",live,,2026-05-19T19:24:54+00:00
tiktok:7558698782167730440,TikTok,Creator Operation Manager Intern (TikTok Shop - Operations)  - 2026 Summer (BS/ MS),"Los Angeles, California, United States of America",live,,2026-05-19T19:24:54+00:00
tiktok:7558689094139021586,TikTok,Category Manager Intern (TikTok Shop - Operations) - 2026 Summer (MBA),"Los Angeles, California, United States of America",live,,2026-05-19T19:24:54+00:00
tiktok:7533706247032359186,TikTok,Category Manager Intern (TikTok Shop - Operations) - 2026 Summer (BS/ MS),"Seattle, Washington, United States of America",live,,2026-05-19T19:24:54+00:00
tiktok:7558706537922840840,TikTok,Special Project Strategist Intern (TikTok Shop - Operations) - 2026 Summer (BS/ MS),"Seattle, Washington, United States of America",live,,2026-05-19T19:24:54+00:00
tiktok:7533712729635490056,TikTok,Seller LIVE Operations Manager Intern  (TikTok Shop - Operations)  - 2026 Summer (BS/ MS),"Los Angeles, California, United States of America",live,,2026-05-19T19:24:54+00:00
tiktok:7544142909584656658,TikTok,Creator Operation Manager Intern (TikTok Shop - Operations)  - 2026 Summer (MBA),"Los Angeles, California, United States of America",live,,2026-05-19T19:24:54+00:00
tiktok:7533770205199386887,TikTok,Machine Learning Engineer Intern (Monetization GenAI) - 2026 Start (BS/MS),"San Jose, California, United States of America",live,,2026-05-19T19:24:54+00:00
tiktok:7544141810042702087,TikTok,Category Manager Intern (TikTok Shop - Operations) - 2026 Summer (MBA),"Seattle, Washington, United States of America",live,,2026-05-19T19:24:54+00:00
tiktok:7533716188573321490,TikTok,Creator Operation Manager Intern (TikTok Shop - Operations)  - 2026 Summer (BS/ MS),"Los Angeles, California, United States of America",live,,2026-05-19T19:24:55+00:00
tiktok:7544139637230110984,TikTok,Category Manager Intern (TikTok Shop - Operations) - 2026 Summer (MBA),"New York, New York, United States of America",live,,2026-05-19T19:24:55+00:00
tiktok:7532267134924867847,TikTok,Data Analyst Intern (TikTok Shop AMS Data Science) - 2026 Summer (BS/MS),"Seattle, Washington, United States of America",live,,2026-05-19T19:24:55+00:00
tiktok:7541147720971749650,TikTok,Category Manager Intern (TikTok Shop - Operations) - 2026 Summer (BS/ MS),"Seattle, Washington, United States of America",live,,2026-05-19T19:24:55+00:00
tiktok:7538304108715198727,TikTok,Software Engineer Intern(Media Engine) - 2026 Summer (BS/MS),"San Jose, California, United States of America",live,,2026-05-19T19:24:55+00:00
tiktok:7544146413857556754,TikTok,Seller LIVE Operations Manager Intern  (TikTok Shop - Operations)  - 2026 Summer (MBA),"Los Angeles, California, United States of America",live,,2026-05-19T19:24:55+00:00
tiktok:7541153147613677831,TikTok,Special Project Strategist Intern (TikTok Shop - Operations) - 2026 Summer (BS/ MS),"Seattle, Washington, United States of America",live,,2026-05-19T19:24:55+00:00
tiktok:7535607378248550674,TikTok,Machine Learning Engineer Intern (Monetization Technology - Ads Creative AI) - 2026 Summer (BS/MS),"San Jose, California, United States of America",live,,2026-05-19T19:24:55+00:00
tiktok:7533388869200333074,TikTok,Software Engineer Intern (Data Ecosystem) - 2026 Summer (BS/MS),"San Jose, California, United States of America",live,,2026-05-19T19:24:55+00:00
tiktok:7532238337198622983,TikTok,Data Scientist Intern (TikTok Shop Business Product DS) - 2026 Start (BS/MS),"Seattle, Washington, United States of America",live,,2026-05-19T19:24:55+00:00
tiktok:7532382628306962696,TikTok,Affiliate Strategist Intern (TikTok Shop Creator and Affiliates) - 2026 Summer (MBA),"Seattle, Washington, United States of America",live,,2026-05-19T19:24:55+00:00
tiktok:7499689149813950727,TikTok,AI/ML Software Engineer Intern (Data Platform) - 2026 Summer (BS/MS),"San Jose, California, United States of America",live,,2026-05-19T19:24:55+00:00
tiktok:7533708351503403282,TikTok,Category Manager Intern (TikTok Shop - Operations) - 2026 Summer (BS/MS),"New York, New York, United States of America",live,,2026-05-19T19:24:56+00:00
tiktok:7558685000612350216,TikTok,Category Manager Intern (TikTok Shop - Operations) - 2026 Summer (MBA),"Seattle, Washington, United States of America",live,,2026-05-19T19:24:56+00:00
tiktok:7558688173032081682,TikTok,Category Manager Intern (TikTok Shop - Operations) - 2026 Summer (MBA),"Los Angeles, California, United States of America",live,,2026-05-19T19:24:56+00:00
tiktok:7533003732948617480,TikTok,Software Engineer Intern (Recommendation Infrastructure) - 2026 Summer (Bachelor/Master),"San Jose, California, United States of America",live,,2026-05-19T19:24:56+00:00
tiktok:7532247736243865864,TikTok,Software Engineer Intern (Global CRM) - 2026 Start (BS/MS),"San Jose, California, United States of America",live,,2026-05-19T19:24:56+00:00
tiktok:7558680709565532423,TikTok,Category Manager Intern (TikTok Shop - Operations) - 2026 Summer (MBA),"Seattle, Washington, United States of America",live,,2026-05-19T19:24:56+00:00
tiktok:7532460740410738952,TikTok,Software Engineer Intern (Monetization Technology - Ads Creative) - 2026 Summer (BS/MS),"San Jose, California, United States of America",live,,2026-05-19T19:24:56+00:00
tiktok:7534626306991016199,TikTok,Software Engineer Intern - TikTok Search Architecture team  - 2026 Summer (BS/MS),"San Jose, California, United States of America",live,,2026-05-19T19:24:56+00:00
tiktok:7538314547103762696,TikTok,Software Engineer Intern(Live Service) - 2026 Summer (BS/MS),"San Jose, California, United States of America",live,,2026-05-19T19:24:56+00:00
tiktok:7532464949135313159,TikTok,Machine Learning Engineer Intern (Monetization Technology - Ads Creative) - 2026 Start (BS/MS),"San Jose, California, United States of America",live,,2026-05-19T19:24:56+00:00
tiktok:7558680709381523720,TikTok,Category Manager Intern (TikTok Shop - Operations) - 2026 Summer (MBA),"Seattle, Washington, United States of America",live,,2026-05-19T19:24:57+00:00
tiktok:7535617494221048082,TikTok,Software Engineer Intern (Monetization Technology - Ads Creative AI) - 2026 Summer (BS/MS),"San Jose, California, United States of America",live,,2026-05-19T19:24:57+00:00
tiktok:7530776023969909000,TikTok,"Product Operations Manager Intern (TikTok Shop, Merchandise Growth) - 2026 Summer (BS/MS)","Seattle, Washington, United States of America",live,,2026-05-19T19:24:57+00:00
tiktok:7636904274160666933,TikTok,Senior Data Engineer (Multiple Positions),"San Jose, California, United States of America",live,,2026-05-19T19:24:57+00:00
